Tumour_number,B.cells.naive,B.cells.memory,Plasma.cells,T.cells.CD8,T.cells.CD4.naive,T.cells.CD4.memory.resting,T.cells.CD4.memory.activated,T.cells.follicular.helper,T.cells.regulatory.(Tregs),NK.cells.resting,NK.cells.activated,Monocytes,Macrophages.M0,Macrophages.M1,Macrophages.M2,Dendritic.cells.resting,Dendritic.cells.activated,Mast.cells.resting,Mast.cells.activated,Eosinophils,Neutrophils
RT14,0.006599257,0,0.256193958,0.003405676,0,0.463960426,0,0,0,0.106872474,0,0.060297705,0.010948946,0,0.0196132,0,0.02489844,0,0.047209918,0,0
RT16,0.125692408,0,0.119416121,0.021618504,0,0.477123675,0,0,0,0.065301142,0,0,0.11529791,0,0.005419916,0,0.055175993,0.014954332,0,0,0
RT17,0,0.085150107,0,0.068805609,0.066303756,0.253348143,0,0,0,0.139639841,0,0.041837451,0.103415032,0,0,0,0.128787704,0,0.109073287,0.003639069,0
RT19,0,0.078516165,0,0.092722835,0.124020308,0.225800432,0,0,0,0.05141297,0,0,0.148959621,0,0,0,0.140901525,0.065342768,0,0,0.072323376
RT20,0,0.024082715,0.056706734,0.077838153,0,0.345381287,0,0,0.005702361,0.046555382,0,0.079210637,0.074410906,0,0.07220923,0,0.058206535,0.154105013,0,0.005591047,0
RT27,0.202578861,0.143344491,0.0324438,0.038348353,0,0.295697802,0,0.041543319,0,0.089019596,0,0,0.071061396,0.001555918,0.045479218,0,0.016780924,0,0.022146324,0,0
RT29,0,0.005997141,0.045553012,0.138508884,0,0.275052783,0,0,0.052238934,0.078273606,0,0.13299796,0.079922408,0,0.036777764,0,0.037987542,0.100301462,0,0.016388504,0
RT3,0,0.002432329,0,0.130348306,0.014273473,0.197557402,0.0012644,0,0,0.1563058,0,0.305900318,0,0,0,0,0.004125818,0,0,0,0.187792154
